x_mm,y_mm
0,0
0.01001001,0.0210108104
0.02002002,0.0417969732
0.03003003,0.0623642494
0.04004004,0.0827181473
0.0500500501,0.102863937
0.0600600601,0.122806667
0.0700700701,0.142551172
0.0800800801,0.162102092
0.0900900901,0.181463878
0.1001001,0.200640805
0.11011011,0.219636981
0.12012012,0.238456356
0.13013013,0.257102731
0.14014014,0.275579765
0.15015015,0.293890983
0.16016016,0.312039781
0.17017017,0.330029436
0.18018018,0.34786311
0.19019019,0.365543853
0.2002002,0.383074612
0.21021021,0.400458237
0.22022022,0.41769748
0.23023023,0.434795004
0.24024024,0.451753386
0.25025025,0.46857512
0.26026026,0.485262623
0.27027027,0.501818234
0.28028028,0.518244223
0.29029029,0.534542789
0.3003003,0.550716067
0.31031031,0.566766126
0.32032032,0.582694976
0.33033033,0.59850457
0.34034034,0.614196802
0.35035035,0.629773516
0.36036036,0.645236502
0.37037037,0.660587501
0.38038038,0.675828207
0.39039039,0.690960268
0.4004004,0.705985288
0.41041041,0.720904828
0.42042042,0.735720409
0.43043043,0.750433511
0.44044044,0.765045578
0.45045045,0.779558017
0.46046046,0.793972199
0.47047047,0.808289461
0.48048048,0.822511107
0.49049049,0.836638409
0.500500501,0.850672611
0.510510511,0.864614923
0.520520521,0.878466529
0.530530531,0.892228584
0.540540541,0.905902219
0.550550551,0.919488535
0.560560561,0.932988611
0.570570571,0.946403499
0.580580581,0.95973423
0.590590591,0.97298181
0.600600601,0.986147225
0.610610611,0.999231438
0.620620621,1.01223539
0.630630631,1.02516001
0.640640641,1.03800619
0.650650651,1.05077482
0.660660661,1.06346677
0.670670671,1.07608288
0.680680681,1.08862398
0.690690691,1.10109089
0.700700701,1.1134844
0.710710711,1.12580529
0.720720721,1.13805434
0.730730731,1.15023228
0.740740741,1.16233986
0.750750751,1.17437779
0.760760761,1.18634678
0.770770771,1.19824753
0.780780781,1.21008072
0.790790791,1.22184702
0.800800801,1.23354708
0.810810811,1.24518154
0.820820821,1.25675103
0.830830831,1.26825618
0.840840841,1.2796976
0.850850851,1.29107588
0.860860861,1.3023916
0.870870871,1.31364535
0.880880881,1.3248377
0.890890891,1.33596919
0.900900901,1.34704038
0.910910911,1.3580518
0.920920921,1.36900398
0.930930931,1.37989744
0.940940941,1.39073269
0.950950951,1.40151023
0.960960961,1.41223056
0.970970971,1.42289416
0.980980981,1.4335015
0.990990991,1.44405306
1.001001,1.45454931
1.01101101,1.46499068
1.02102102,1.47537764
1.03103103,1.48571062
1.04104104,1.49599005
1.05105105,1.50621636
1.06106106,1.51638997
1.07107107,1.52651129
1.08108108,1.53658072
1.09109109,1.54659868
1.1011011,1.55656555
1.11111111,1.56648172
1.12112112,1.57634757
1.13113113,1.58616348
1.14114114,1.59592983
1.15115115,1.60564696
1.16116116,1.61531526
1.17117117,1.62493506
1.18118118,1.63450673
1.19119119,1.6440306
1.2012012,1.65350701
1.21121121,1.6629363
1.22122122,1.6723188
1.23123123,1.68165483
1.24124124,1.69094472
1.25125125,1.70018877
1.26126126,1.70938731
1.27127127,1.71854064
1.28128128,1.72764905
1.29129129,1.73671286
1.3013013,1.74573236
1.31131131,1.75470783
1.32132132,1.76363956
1.33133133,1.77252784
1.34134134,1.78137295
1.35135135,1.79017515
1.36136136,1.79893473
1.37137137,1.80765195
1.38138138,1.81632708
1.39139139,1.82496037
1.4014014,1.83355208
1.41141141,1.84210248
1.42142142,1.8506118
1.43143143,1.8590803
1.44144144,1.86750823
1.45145145,1.87589582
1.46146146,1.88424331
1.47147147,1.89255094
1.48148148,1.90081894
1.49149149,1.90904754
1.5015015,1.91723697
1.51151151,1.92538746
1.52152152,1.93349921
1.53153153,1.94157246
1.54154154,1.94960742
1.55155155,1.95760429
1.56156156,1.9655633
1.57157157,1.97348465
1.58158158,1.98136855
1.59159159,1.98921519
1.6016016,1.99702479
1.61161161,2.00479753
1.62162162,2.01253362
1.63163163,2.02023324
1.64164164,2.0278966
1.65165165,2.03552387
1.66166166,2.04311525
1.67167167,2.05067092
1.68168168,2.05819107
1.69169169,2.06567587
1.7017017,2.07312551
1.71171171,2.08054015
1.72172172,2.08791998
1.73173173,2.09526517
1.74174174,2.10257588
1.75175175,2.10985229
1.76176176,2.11709457
1.77177177,2.12430287
1.78178178,2.13147737
1.79179179,2.13861822
1.8018018,2.14572558
1.81181181,2.15279962
1.82182182,2.15984048
1.83183183,2.16684832
1.84184184,2.1738233
1.85185185,2.18076556
1.86186186,2.18767526
1.87187187,2.19455254
1.88188188,2.20139755
1.89189189,2.20821043
1.9019019,2.21499134
1.91191191,2.2217404
1.92192192,2.22845776
1.93193193,2.23514355
1.94194194,2.24179793
1.95195195,2.24842101
1.96196196,2.25501294
1.97197197,2.26157385
1.98198198,2.26810387
1.99199199,2.27460313
2.002002,2.28107176
2.01201201,2.28750989
2.02202202,2.29391764
2.03203203,2.30029514
2.04204204,2.30664251
2.05205205,2.31295987
2.06206206,2.31924736
2.07207207,2.32550508
2.08208208,2.33173315
2.09209209,2.3379317
2.1021021,2.34410083
2.11211211,2.35024067
2.12212212,2.35635133
2.13213213,2.36243293
2.14214214,2.36848556
2.15215215,2.37450935
2.16216216,2.38050441
2.17217217,2.38647084
2.18218218,2.39240874
2.19219219,2.39831824
2.2022022,2.40419943
2.21221221,2.41005242
2.22222222,2.4158773
2.23223223,2.42167419
2.24224224,2.42744319
2.25225225,2.43318439
2.26226226,2.43889789
2.27227227,2.4445838
2.28228228,2.45024221
2.29229229,2.45587322
2.3023023,2.46147692
2.31231231,2.46705341
2.32232232,2.47260278
2.33233233,2.47812513
2.34234234,2.48362055
2.35235235,2.48908913
2.36236236,2.49453095
2.37237237,2.49994612
2.38238238,2.50533471
2.39239239,2.51069683
2.4024024,2.51603254
2.41241241,2.52134195
2.42242242,2.52662513
2.43243243,2.53188217
2.44244244,2.53711315
2.45245245,2.54231817
2.46246246,2.54749729
2.47247247,2.55265061
2.48248248,2.5577782
2.49249249,2.56288014
2.5025025,2.56795652
2.51251251,2.5730074
2.52252252,2.57803288
2.53253253,2.58303302
2.54254254,2.58800791
2.55255255,2.59295762
2.56256256,2.59788222
2.57257257,2.60278179
2.58258258,2.60765641
2.59259259,2.61250614
2.6026026,2.61733106
2.61261261,2.62213124
2.62262262,2.62690676
2.63263263,2.63165767
2.64264264,2.63638407
2.65265265,2.641086
2.66266266,2.64576354
2.67267267,2.65041677
2.68268268,2.65504574
2.69269269,2.65965053
2.7027027,2.66423119
2.71271271,2.66878781
2.72272272,2.67332043
2.73273273,2.67782913
2.74274274,2.68231397
2.75275275,2.68677502
2.76276276,2.69121233
2.77277277,2.69562597
2.78278278,2.700016
2.79279279,2.70438248
2.8028028,2.70872548
2.81281281,2.71304505
2.82282282,2.71734125
2.83283283,2.72161415
2.84284284,2.72586379
2.85285285,2.73009025
2.86286286,2.73429357
2.87287287,2.73847381
2.88288288,2.74263103
2.89289289,2.74676529
2.9029029,2.75087664
2.91291291,2.75496514
2.92292292,2.75903084
2.93293293,2.7630738
2.94294294,2.76709406
2.95295295,2.77109169
2.96296296,2.77506673
2.97297297,2.77901925
2.98298298,2.78294928
2.99299299,2.78685688
3.003003,2.7907421
3.01301301,2.794605
3.02302302,2.79844562
3.03303303,2.80226401
3.04304304,2.80606022
3.05305305,2.80983431
3.06306306,2.81358631
3.07307307,2.81731628
3.08308308,2.82102426
3.09309309,2.8247103
3.1031031,2.82837445
3.11311311,2.83201676
3.12312312,2.83563726
3.13313313,2.83923601
3.14314314,2.84281306
3.15315315,2.84636843
3.16316316,2.84990219
3.17317317,2.85341436
3.18318318,2.85690501
3.19319319,2.86037417
3.2032032,2.86382187
3.21321321,2.86724818
3.22322322,2.87065312
3.23323323,2.87403673
3.24324324,2.87739907
3.25325325,2.88074017
3.26326326,2.88406007
3.27327327,2.88735881
3.28328328,2.89063643
3.29329329,2.89389298
3.3033033,2.89712848
3.31331331,2.90034298
3.32332332,2.90353652
3.33333333,2.90670913
3.34334334,2.90986086
3.35335335,2.91299174
3.36336336,2.9161018
3.37337337,2.91919109
3.38338338,2.92225964
3.39339339,2.92530748
3.4034034,2.92833466
3.41341341,2.9313412
3.42342342,2.93432715
3.43343343,2.93729253
3.44344344,2.94023739
3.45345345,2.94316175
3.46346346,2.94606565
3.47347347,2.94894912
3.48348348,2.9518122
3.49349349,2.95465492
3.5035035,2.95747732
3.51351351,2.96027941
3.52352352,2.96306125
3.53353353,2.96582285
3.54354354,2.96856425
3.55355355,2.97128548
3.56356356,2.97398657
3.57357357,2.97666755
3.58358358,2.97932846
3.59359359,2.98196932
3.6036036,2.98459016
3.61361361,2.98719101
3.62362362,2.9897719
3.63363363,2.99233286
3.64364364,2.99487391
3.65365365,2.9973951
3.66366366,2.99989643
3.67367367,3.00237795
3.68368368,3.00483968
3.69369369,3.00728164
3.7037037,3.00970387
3.71371371,3.01210639
3.72372372,3.01448922
3.73373373,3.0168524
3.74374374,3.01919594
3.75375375,3.02151988
3.76376376,3.02382423
3.77377377,3.02610903
3.78378378,3.0283743
3.79379379,3.03062006
3.8038038,3.03284634
3.81381381,3.03505317
3.82382382,3.03724055
3.83383383,3.03940853
3.84384384,3.04155712
3.85385385,3.04368635
3.86386386,3.04579623
3.87387387,3.0478868
3.88388388,3.04995807
3.89389389,3.05201007
3.9039039,3.05404281
3.91391391,3.05605632
3.92392392,3.05805062
3.93393393,3.06002574
3.94394394,3.06198169
3.95395395,3.06391849
3.96396396,3.06583616
3.97397397,3.06773473
3.98398398,3.06961421
3.99399399,3.07147463
4.004004,3.073316
4.01401401,3.07513835
4.02402402,3.07694168
4.03403403,3.07872603
4.04404404,3.0804914
4.05405405,3.08223783
4.06406406,3.08396532
4.07407407,3.08567389
4.08408408,3.08736357
4.09409409,3.08903436
4.1041041,3.09068629
4.11411411,3.09231938
4.12412412,3.09393363
4.13413413,3.09552908
4.14414414,3.09710573
4.15415415,3.09866359
4.16416416,3.1002027
4.17417417,3.10172305
4.18418418,3.10322468
4.19419419,3.10470758
4.2042042,3.10617179
4.21421421,3.10761731
4.22422422,3.10904415
4.23423423,3.11045234
4.24424424,3.11184189
4.25425425,3.11321281
4.26426426,3.11456511
4.27427427,3.11589881
4.28428428,3.11721393
4.29429429,3.11851047
4.3043043,3.11978844
4.31431431,3.12104788
4.32432432,3.12228877
4.33433433,3.12351114
4.34434434,3.12471501
4.35435435,3.12590037
4.36436436,3.12706725
4.37437437,3.12821566
4.38438438,3.1293456
4.39439439,3.13045709
4.4044044,3.13155014
4.41441441,3.13262476
4.42442442,3.13368096
4.43443443,3.13471875
4.44444444,3.13573815
4.45445445,3.13673916
4.46446446,3.13772179
4.47447447,3.13868606
4.48448448,3.13963197
4.49449449,3.14055952
4.5045045,3.14146874
4.51451451,3.14235963
4.52452452,3.1432322
4.53453453,3.14408646
4.54454454,3.14492241
4.55455455,3.14574007
4.56456456,3.14653944
4.57457457,3.14732053
4.58458458,3.14808335
4.59459459,3.14882791
4.6046046,3.1495542
4.61461461,3.15026225
4.62462462,3.15095206
4.63463463,3.15162363
4.64464464,3.15227697
4.65465465,3.15291209
4.66466466,3.15352899
4.67467467,3.15412769
4.68468468,3.15470818
4.69469469,3.15527047
4.7047047,3.15581456
4.71471471,3.15634047
4.72472472,3.1568482
4.73473473,3.15733775
4.74474474,3.15780913
4.75475475,3.15826234
4.76476476,3.15869739
4.77477477,3.15911427
4.78478478,3.15951301
4.79479479,3.15989359
4.8048048,3.16025602
4.81481481,3.16060031
4.82482482,3.16092646
4.83483483,3.16123448
4.84484484,3.16152435
4.85485485,3.1617961
4.86486486,3.16204972
4.87487487,3.16228522
4.88488488,3.16250258
4.89489489,3.16270183
4.9049049,3.16288296
4.91491491,3.16304597
4.92492492,3.16319086
4.93493493,3.16331764
4.94494494,3.16342631
4.95495495,3.16351686
4.96496496,3.1635893
4.97497497,3.16364363
4.98498498,3.16367985
4.99499499,3.16369796
5.00500501,3.16369796
5.01501502,3.16367985
5.02502503,3.16364363
5.03503504,3.1635893
5.04504505,3.16351686
5.05505506,3.16342631
5.06506507,3.16331764
5.07507508,3.16319086
5.08508509,3.16304597
5.0950951,3.16288296
5.10510511,3.16270183
5.11511512,3.16250258
5.12512513,3.16228522
5.13513514,3.16204972
5.14514515,3.1617961
5.15515516,3.16152435
5.16516517,3.16123448
5.17517518,3.16092646
5.18518519,3.16060031
5.1951952,3.16025602
5.20520521,3.15989359
5.21521522,3.15951301
5.22522523,3.15911427
5.23523524,3.15869739
5.24524525,3.15826234
5.25525526,3.15780913
5.26526527,3.15733775
5.27527528,3.1568482
5.28528529,3.15634047
5.2952953,3.15581456
5.30530531,3.15527047
5.31531532,3.15470818
5.32532533,3.15412769
5.33533534,3.15352899
5.34534535,3.15291209
5.35535536,3.15227697
5.36536537,3.15162363
5.37537538,3.15095206
5.38538539,3.15026225
5.3953954,3.1495542
5.40540541,3.14882791
5.41541542,3.14808335
5.42542543,3.14732053
5.43543544,3.14653944
5.44544545,3.14574007
5.45545546,3.14492241
5.46546547,3.14408646
5.47547548,3.1432322
5.48548549,3.14235963
5.4954955,3.14146874
5.50550551,3.14055952
5.51551552,3.13963197
5.52552553,3.13868606
5.53553554,3.13772179
5.54554555,3.13673916
5.55555556,3.13573815
5.56556557,3.13471875
5.57557558,3.13368096
5.58558559,3.13262476
5.5955956,3.13155014
5.60560561,3.13045709
5.61561562,3.1293456
5.62562563,3.12821566
5.63563564,3.12706725
5.64564565,3.12590037
5.65565566,3.12471501
5.66566567,3.12351114
5.67567568,3.12228877
5.68568569,3.12104788
5.6956957,3.11978844
5.70570571,3.11851047
5.71571572,3.11721393
5.72572573,3.11589881
5.73573574,3.11456511
5.74574575,3.11321281
5.75575576,3.11184189
5.76576577,3.11045234
5.77577578,3.10904415
5.78578579,3.10761731
5.7957958,3.10617179
5.80580581,3.10470758
5.81581582,3.10322468
5.82582583,3.10172305
5.83583584,3.1002027
5.84584585,3.09866359
5.85585586,3.09710573
5.86586587,3.09552908
5.87587588,3.09393363
5.88588589,3.09231938
5.8958959,3.09068629
5.90590591,3.08903436
5.91591592,3.08736357
5.92592593,3.08567389
5.93593594,3.08396532
5.94594595,3.08223783
5.95595596,3.0804914
5.96596597,3.07872603
5.97597598,3.07694168
5.98598599,3.07513835
5.995996,3.073316
6.00600601,3.07147463
6.01601602,3.06961421
6.02602603,3.06773473
6.03603604,3.06583616
6.04604605,3.06391849
6.05605606,3.06198169
6.06606607,3.06002574
6.07607608,3.05805062
6.08608609,3.05605632
6.0960961,3.05404281
6.10610611,3.05201007
6.11611612,3.04995807
6.12612613,3.0478868
6.13613614,3.04579623
6.14614615,3.04368635
6.15615616,3.04155712
6.16616617,3.03940853
6.17617618,3.03724055
6.18618619,3.03505317
6.1961962,3.03284634
6.20620621,3.03062006
6.21621622,3.0283743
6.22622623,3.02610903
6.23623624,3.02382423
6.24624625,3.02151988
6.25625626,3.01919594
6.26626627,3.0168524
6.27627628,3.01448922
6.28628629,3.01210639
6.2962963,3.00970387
6.30630631,3.00728164
6.31631632,3.00483968
6.32632633,3.00237795
6.33633634,2.99989643
6.34634635,2.9973951
6.35635636,2.99487391
6.36636637,2.99233286
6.37637638,2.9897719
6.38638639,2.98719101
6.3963964,2.98459016
6.40640641,2.98196932
6.41641642,2.97932846
6.42642643,2.97666755
6.43643644,2.97398657
6.44644645,2.97128548
6.45645646,2.96856425
6.46646647,2.96582285
6.47647648,2.96306125
6.48648649,2.96027941
6.4964965,2.95747732
6.50650651,2.95465492
6.51651652,2.9518122
6.52652653,2.94894912
6.53653654,2.94606565
6.54654655,2.94316175
6.55655656,2.94023739
6.56656657,2.93729253
6.57657658,2.93432715
6.58658659,2.9313412
6.5965966,2.92833466
6.60660661,2.92530748
6.61661662,2.92225964
6.62662663,2.91919109
6.63663664,2.9161018
6.64664665,2.91299174
6.65665666,2.90986086
6.66666667,2.90670913
6.67667668,2.90353652
6.68668669,2.90034298
6.6966967,2.89712848
6.70670671,2.89389298
6.71671672,2.89063643
6.72672673,2.88735881
6.73673674,2.88406007
6.74674675,2.88074017
6.75675676,2.87739907
6.76676677,2.87403673
6.77677678,2.87065312
6.78678679,2.86724818
6.7967968,2.86382187
6.80680681,2.86037417
6.81681682,2.85690501
6.82682683,2.85341436
6.83683684,2.84990219
6.84684685,2.84636843
6.85685686,2.84281306
6.86686687,2.83923601
6.87687688,2.83563726
6.88688689,2.83201676
6.8968969,2.82837445
6.90690691,2.8247103
6.91691692,2.82102426
6.92692693,2.81731628
6.93693694,2.81358631
6.94694695,2.80983431
6.95695696,2.80606022
6.96696697,2.80226401
6.97697698,2.79844562
6.98698699,2.794605
6.996997,2.7907421
7.00700701,2.78685688
7.01701702,2.78294928
7.02702703,2.77901925
7.03703704,2.77506673
7.04704705,2.77109169
7.05705706,2.76709406
7.06706707,2.7630738
7.07707708,2.75903084
7.08708709,2.75496514
7.0970971,2.75087664
7.10710711,2.74676529
7.11711712,2.74263103
7.12712713,2.73847381
7.13713714,2.73429357
7.14714715,2.73009025
7.15715716,2.72586379
7.16716717,2.72161415
7.17717718,2.71734125
7.18718719,2.71304505
7.1971972,2.70872548
7.20720721,2.70438248
7.21721722,2.700016
7.22722723,2.69562597
7.23723724,2.69121233
7.24724725,2.68677502
7.25725726,2.68231397
7.26726727,2.67782913
7.27727728,2.67332043
7.28728729,2.66878781
7.2972973,2.66423119
7.30730731,2.65965053
7.31731732,2.65504574
7.32732733,2.65041677
7.33733734,2.64576354
7.34734735,2.641086
7.35735736,2.63638407
7.36736737,2.63165767
7.37737738,2.62690676
7.38738739,2.62213124
7.3973974,2.61733106
7.40740741,2.61250614
7.41741742,2.60765641
7.42742743,2.60278179
7.43743744,2.59788222
7.44744745,2.59295762
7.45745746,2.58800791
7.46746747,2.58303302
7.47747748,2.57803288
7.48748749,2.5730074
7.4974975,2.56795652
7.50750751,2.56288014
7.51751752,2.5577782
7.52752753,2.55265061
7.53753754,2.54749729
7.54754755,2.54231817
7.55755756,2.53711315
7.56756757,2.53188217
7.57757758,2.52662513
7.58758759,2.52134195
7.5975976,2.51603254
7.60760761,2.51069683
7.61761762,2.50533471
7.62762763,2.49994612
7.63763764,2.49453095
7.64764765,2.48908913
7.65765766,2.48362055
7.66766767,2.47812513
7.67767768,2.47260278
7.68768769,2.46705341
7.6976977,2.46147692
7.70770771,2.45587322
7.71771772,2.45024221
7.72772773,2.4445838
7.73773774,2.43889789
7.74774775,2.43318439
7.75775776,2.42744319
7.76776777,2.42167419
7.77777778,2.4158773
7.78778779,2.41005242
7.7977978,2.40419943
7.80780781,2.39831824
7.81781782,2.39240874
7.82782783,2.38647084
7.83783784,2.38050441
7.84784785,2.37450935
7.85785786,2.36848556
7.86786787,2.36243293
7.87787788,2.35635133
7.88788789,2.35024067
7.8978979,2.34410083
7.90790791,2.3379317
7.91791792,2.33173315
7.92792793,2.32550508
7.93793794,2.31924736
7.94794795,2.31295987
7.95795796,2.30664251
7.96796797,2.30029514
7.97797798,2.29391764
7.98798799,2.28750989
7.997998,2.28107176
8.00800801,2.27460313
8.01801802,2.26810387
8.02802803,2.26157385
8.03803804,2.25501294
8.04804805,2.24842101
8.05805806,2.24179793
8.06806807,2.23514355
8.07807808,2.22845776
8.08808809,2.2217404
8.0980981,2.21499134
8.10810811,2.20821043
8.11811812,2.20139755
8.12812813,2.19455254
8.13813814,2.18767526
8.14814815,2.18076556
8.15815816,2.1738233
8.16816817,2.16684832
8.17817818,2.15984048
8.18818819,2.15279962
8.1981982,2.14572558
8.20820821,2.13861822
8.21821822,2.13147737
8.22822823,2.12430287
8.23823824,2.11709457
8.24824825,2.10985229
8.25825826,2.10257588
8.26826827,2.09526517
8.27827828,2.08791998
8.28828829,2.08054015
8.2982983,2.07312551
8.30830831,2.06567587
8.31831832,2.05819107
8.32832833,2.05067092
8.33833834,2.04311525
8.34834835,2.03552387
8.35835836,2.0278966
8.36836837,2.02023324
8.37837838,2.01253362
8.38838839,2.00479753
8.3983984,1.99702479
8.40840841,1.98921519
8.41841842,1.98136855
8.42842843,1.97348465
8.43843844,1.9655633
8.44844845,1.95760429
8.45845846,1.94960742
8.46846847,1.94157246
8.47847848,1.93349921
8.48848849,1.92538746
8.4984985,1.91723697
8.50850851,1.90904754
8.51851852,1.90081894
8.52852853,1.89255094
8.53853854,1.88424331
8.54854855,1.87589582
8.55855856,1.86750823
8.56856857,1.8590803
8.57857858,1.8506118
8.58858859,1.84210248
8.5985986,1.83355208
8.60860861,1.82496037
8.61861862,1.81632708
8.62862863,1.80765195
8.63863864,1.79893473
8.64864865,1.79017515
8.65865866,1.78137295
8.66866867,1.77252784
8.67867868,1.76363956
8.68868869,1.75470783
8.6986987,1.74573236
8.70870871,1.73671286
8.71871872,1.72764905
8.72872873,1.71854064
8.73873874,1.70938731
8.74874875,1.70018877
8.75875876,1.69094472
8.76876877,1.68165483
8.77877878,1.6723188
8.78878879,1.6629363
8.7987988,1.65350701
8.80880881,1.6440306
8.81881882,1.63450673
8.82882883,1.62493506
8.83883884,1.61531526
8.84884885,1.60564696
8.85885886,1.59592983
8.86886887,1.58616348
8.87887888,1.57634757
8.88888889,1.56648172
8.8988989,1.55656555
8.90890891,1.54659868
8.91891892,1.53658072
8.92892893,1.52651129
8.93893894,1.51638997
8.94894895,1.50621636
8.95895896,1.49599005
8.96896897,1.48571062
8.97897898,1.47537764
8.98898899,1.46499068
8.998999,1.45454931
9.00900901,1.44405306
9.01901902,1.4335015
9.02902903,1.42289416
9.03903904,1.41223056
9.04904905,1.40151023
9.05905906,1.39073269
9.06906907,1.37989744
9.07907908,1.36900398
9.08908909,1.3580518
9.0990991,1.34704038
9.10910911,1.33596919
9.11911912,1.3248377
9.12912913,1.31364535
9.13913914,1.3023916
9.14914915,1.29107588
9.15915916,1.2796976
9.16916917,1.26825618
9.17917918,1.25675103
9.18918919,1.24518154
9.1991992,1.23354708
9.20920921,1.22184702
9.21921922,1.21008072
9.22922923,1.19824753
9.23923924,1.18634678
9.24924925,1.17437779
9.25925926,1.16233986
9.26926927,1.15023228
9.27927928,1.13805434
9.28928929,1.12580529
9.2992993,1.1134844
9.30930931,1.10109089
9.31931932,1.08862398
9.32932933,1.07608288
9.33933934,1.06346677
9.34934935,1.05077482
9.35935936,1.03800619
9.36936937,1.02516001
9.37937938,1.01223539
9.38938939,0.999231438
9.3993994,0.986147225
9.40940941,0.97298181
9.41941942,0.95973423
9.42942943,0.946403499
9.43943944,0.932988611
9.44944945,0.919488535
9.45945946,0.905902219
9.46946947,0.892228584
9.47947948,0.878466529
9.48948949,0.864614923
9.4994995,0.850672611
9.50950951,0.836638409
9.51951952,0.822511107
9.52952953,0.808289461
9.53953954,0.793972199
9.54954955,0.779558017
9.55955956,0.765045578
9.56956957,0.750433511
9.57957958,0.735720409
9.58958959,0.720904828
9.5995996,0.705985288
9.60960961,0.690960268
9.61961962,0.675828207
9.62962963,0.660587501
9.63963964,0.645236502
9.64964965,0.629773516
9.65965966,0.614196802
9.66966967,0.59850457
9.67967968,0.582694976
9.68968969,0.566766126
9.6996997,0.550716067
9.70970971,0.534542789
9.71971972,0.518244223
9.72972973,0.501818234
9.73973974,0.485262623
9.74974975,0.46857512
9.75975976,0.451753386
9.76976977,0.434795004
9.77977978,0.41769748
9.78978979,0.400458237
9.7997998,0.383074612
9.80980981,0.365543853
9.81981982,0.34786311
9.82982983,0.330029436
9.83983984,0.312039781
9.84984985,0.293890983
9.85985986,0.275579765
9.86986987,0.257102731
9.87987988,0.238456356
9.88988989,0.219636981
9.8998999,0.200640805
9.90990991,0.181463878
9.91991992,0.162102092
9.92992993,0.142551172
9.93993994,0.122806667
9.94994995,0.102863937
9.95995996,0.0827181473
9.96996997,0.0623642494
9.97997998,0.0417969732
9.98998999,0.0210108104
10,0
